id,date,source,language,country,topic_category,topic_subcategory,headline,short_text,sentiment,engagement_score,trend_score
trend_00140,2026-02-13,news_api,hi,IN,entertainment,bollywood,Fans react to latest bollywood news on social media,Users from IN are actively discussing bollywood within the broader category of entertainment across multiple platforms.,positive,8603,0.543
trend_00141,2026-02-08,google_trends,hi,US,economy,inflation,Inflation remains a key concern for young professionals,Users from US are actively discussing inflation within the broader category of economy across multiple platforms.,neutral,7407,0.261
trend_00142,2026-02-28,google_trends,hi,GB,ai_and_tech,gen_ai,Gen Ai trend grows among developers in 2026,Users from GB are actively discussing gen ai within the broader category of ai and tech across multiple platforms.,positive,4224,0.202
trend_00143,2026-02-19,google_trends,hi,US,global_events,elections,Global attention shifts towards elections developments,Users from US are actively discussing elections within the broader category of global events across multiple platforms.,neutral,995,0.17
trend_00144,2026-02-23,google_trends,en,GB,ai_and_tech,programming_jobs,Programming Jobs trend grows among developers in 2026,Users from GB are actively discussing programming jobs within the broader category of ai and tech across multiple platforms.,positive,526,0.929
trend_00145,2026-02-11,news_api,hi,GB,sports,esports,Record engagement for recent esports matches,Users from GB are actively discussing esports within the broader category of sports across multiple platforms.,positive,1605,0.141
trend_00146,2026-02-15,news_api,hi,GB,entertainment,music_releases,Fans react to latest music releases news on social media,Users from GB are actively discussing music releases within the broader category of entertainment across multiple platforms.,negative,1643,0.203
trend_00147,2026-02-10,news_api,ur,IN,economy,crypto,Crypto remains a key concern for young professionals,Users from IN are actively discussing crypto within the broader category of economy across multiple platforms.,negative,9618,0.677
trend_00148,2026-02-06,news_api,hi,PK,sports,cricket,Record engagement for recent cricket matches,Users from PK are actively discussing cricket within the broader category of sports across multiple platforms.,negative,8570,0.356
trend_00149,2026-02-23,social_media_stream,ur,US,economy,inflation,Inflation remains a key concern for young professionals,Users from US are actively discussing inflation within the broader category of economy across multiple platforms.,negative,8872,0.84
trend_00150,2026-02-13,news_api,ur,IN,economy,inflation,Inflation remains a key concern for young professionals,Users from IN are actively discussing inflation within the broader category of economy across multiple platforms.,negative,9428,0.251
trend_00151,2026-02-06,news_api,hi,GB,economy,inflation,Inflation remains a key concern for young professionals,Users from GB are actively discussing inflation within the broader category of economy across multiple platforms.,negative,1297,0.341
trend_00152,2026-02-15,news_api,ur,GB,sports,football,Record engagement for recent football matches,Users from GB are actively discussing football within the broader category of sports across multiple platforms.,neutral,9694,0.606
trend_00153,2026-02-20,google_trends,hi,PK,global_events,protests,Global attention shifts towards protests developments,Users from PK are actively discussing protests within the broader category of global events across multiple platforms.,neutral,3884,0.526
trend_00154,2026-02-13,google_trends,en,US,global_events,protests,Global attention shifts towards protests developments,Users from US are actively discussing protests within the broader category of global events across multiple platforms.,neutral,6116,0.886
trend_00155,2026-02-17,social_media_stream,en,IN,sports,esports,Record engagement for recent esports matches,Users from IN are actively discussing esports within the broader category of sports across multiple platforms.,neutral,8647,0.809
trend_00156,2026-02-14,news_api,hi,US,entertainment,bollywood,Fans react to latest bollywood news on social media,Users from US are actively discussing bollywood within the broader category of entertainment across multiple platforms.,positive,1416,0.713
trend_00157,2026-02-13,news_api,hi,IN,ai_and_tech,agentic_ai,Agentic Ai trend grows among developers in 2026,Users from IN are actively discussing agentic ai within the broader category of ai and tech across multiple platforms.,negative,2186,0.106
trend_00158,2026-02-16,news_api,hi,GB,sports,football,Record engagement for recent football matches,Users from GB are actively discussing football within the broader category of sports across multiple platforms.,negative,8566,0.118
trend_00159,2026-02-20,news_api,hi,GB,entertainment,hollywood,Fans react to latest hollywood news on social media,Users from GB are actively discussing hollywood within the broader category of entertainment across multiple platforms.,neutral,4450,0.636
trend_00160,2026-02-06,social_media_stream,ur,PK,economy,crypto,Crypto remains a key concern for young professionals,Users from PK are actively discussing crypto within the broader category of economy across multiple platforms.,positive,337,0.337
trend_00161,2026-02-04,news_api,en,IN,global_events,conflicts,Global attention shifts towards conflicts developments,Users from IN are actively discussing conflicts within the broader category of global events across multiple platforms.,negative,8874,0.518
trend_00162,2026-02-18,google_trends,en,PK,ai_and_tech,programming_jobs,Programming Jobs trend grows among developers in 2026,Users from PK are actively discussing programming jobs within the broader category of ai and tech across multiple platforms.,neutral,6919,0.24
trend_00163,2026-02-08,social_media_stream,ur,PK,ai_and_tech,programming_jobs,Programming Jobs trend grows among developers in 2026,Users from PK are actively discussing programming jobs within the broader category of ai and tech across multiple platforms.,positive,272,0.895
trend_00164,2026-02-19,news_api,en,US,entertainment,kdrama,Fans react to latest kdrama news on social media,Users from US are actively discussing kdrama within the broader category of entertainment across multiple platforms.,neutral,3581,0.472
trend_00165,2026-02-14,social_media_stream,ur,PK,sports,football,Record engagement for recent football matches,Users from PK are actively discussing football within the broader category of sports across multiple platforms.,neutral,1441,0.87
trend_00166,2026-02-28,social_media_stream,en,PK,global_events,elections,Global attention shifts towards elections developments,Users from PK are actively discussing elections within the broader category of global events across multiple platforms.,negative,1961,0.658
trend_00167,2026-02-28,google_trends,hi,IN,economy,inflation,Inflation remains a key concern for young professionals,Users from IN are actively discussing inflation within the broader category of economy across multiple platforms.,neutral,4888,0.261
trend_00168,2026-02-05,news_api,hi,US,ai_and_tech,agentic_ai,Agentic Ai trend grows among developers in 2026,Users from US are actively discussing agentic ai within the broader category of ai and tech across multiple platforms.,neutral,5434,0.351
trend_00169,2026-02-02,google_trends,ur,PK,global_events,climate,Global attention shifts towards climate developments,Users from PK are actively discussing climate within the broader category of global events across multiple platforms.,negative,395,0.871
trend_00170,2026-02-14,news_api,hi,IN,global_events,climate,Global attention shifts towards climate developments,Users from IN are actively discussing climate within the broader category of global events across multiple platforms.,negative,2132,0.247
trend_00171,2026-02-23,social_media_stream,en,US,ai_and_tech,agentic_ai,Agentic Ai trend grows among developers in 2026,Users from US are actively discussing agentic ai within the broader category of ai and tech across multiple platforms.,negative,224,0.495
trend_00172,2026-02-03,google_trends,ur,GB,entertainment,kdrama,Fans react to latest kdrama news on social media,Users from GB are actively discussing kdrama within the broader category of entertainment across multiple platforms.,negative,5240,0.586
trend_00173,2026-02-11,google_trends,hi,GB,economy,jobs,Jobs remains a key concern for young professionals,Users from GB are actively discussing jobs within the broader category of economy across multiple platforms.,positive,9172,0.464
trend_00174,2026-02-25,social_media_stream,hi,GB,sports,olympics,Record engagement for recent olympics matches,Users from GB are actively discussing olympics within the broader category of sports across multiple platforms.,positive,4183,0.365
trend_00175,2026-02-22,news_api,en,US,global_events,climate,Global attention shifts towards climate developments,Users from US are actively discussing climate within the broader category of global events across multiple platforms.,positive,7130,0.538
trend_00176,2026-02-02,google_trends,en,US,economy,stock_market,Stock Market remains a key concern for young professionals,Users from US are actively discussing stock market within the broader category of economy across multiple platforms.,positive,965,0.353
trend_00177,2026-02-11,news_api,en,IN,economy,jobs,Jobs remains a key concern for young professionals,Users from IN are actively discussing jobs within the broader category of economy across multiple platforms.,negative,6911,0.912
trend_00178,2026-02-22,social_media_stream,ur,US,ai_and_tech,programming_jobs,Programming Jobs trend grows among developers in 2026,Users from US are actively discussing programming jobs within the broader category of ai and tech across multiple platforms.,positive,1098,0.588
trend_00179,2026-02-03,social_media_stream,hi,PK,entertainment,kdrama,Fans react to latest kdrama news on social media,Users from PK are actively discussing kdrama within the broader category of entertainment across multiple platforms.,neutral,8536,0.197
trend_00180,2026-02-02,google_trends,en,IN,ai_and_tech,programming_jobs,Programming Jobs trend grows among developers in 2026,Users from IN are actively discussing programming jobs within the broader category of ai and tech across multiple platforms.,neutral,1958,0.658
trend_00181,2026-02-21,social_media_stream,hi,US,global_events,conflicts,Global attention shifts towards conflicts developments,Users from US are actively discussing conflicts within the broader category of global events across multiple platforms.,negative,3264,0.399
trend_00182,2026-02-02,news_api,hi,PK,sports,olympics,Record engagement for recent olympics matches,Users from PK are actively discussing olympics within the broader category of sports across multiple platforms.,positive,6852,0.253
trend_00183,2026-02-14,google_trends,en,GB,ai_and_tech,startups,Startups trend grows among developers in 2026,Users from GB are actively discussing startups within the broader category of ai and tech across multiple platforms.,negative,1691,0.771
trend_00184,2026-02-27,social_media_stream,ur,US,sports,olympics,Record engagement for recent olympics matches,Users from US are actively discussing olympics within the broader category of sports across multiple platforms.,neutral,3608,0.474
trend_00185,2026-02-06,news_api,ur,US,global_events,protests,Global attention shifts towards protests developments,Users from US are actively discussing protests within the broader category of global events across multiple platforms.,positive,1911,0.271
trend_00186,2026-02-21,social_media_stream,en,US,economy,jobs,Jobs remains a key concern for young professionals,Users from US are actively discussing jobs within the broader category of economy across multiple platforms.,neutral,386,0.151
trend_00187,2026-02-25,social_media_stream,en,US,economy,jobs,Jobs remains a key concern for young professionals,Users from US are actively discussing jobs within the broader category of economy across multiple platforms.,positive,6169,0.224
trend_00188,2026-02-06,google_trends,hi,PK,global_events,elections,Global attention shifts towards elections developments,Users from PK are actively discussing elections within the broader category of global events across multiple platforms.,positive,5926,0.591
trend_00189,2026-02-07,google_trends,en,GB,ai_and_tech,agentic_ai,Agentic Ai trend grows among developers in 2026,Users from GB are actively discussing agentic ai within the broader category of ai and tech across multiple platforms.,positive,5341,0.714
trend_00190,2026-02-12,social_media_stream,ur,PK,global_events,elections,Global attention shifts towards elections developments,Users from PK are actively discussing elections within the broader category of global events across multiple platforms.,neutral,1916,0.601
trend_00191,2026-02-19,news_api,ur,US,entertainment,hollywood,Fans react to latest hollywood news on social media,Users from US are actively discussing hollywood within the broader category of entertainment across multiple platforms.,neutral,6270,0.502
trend_00192,2026-02-09,social_media_stream,ur,GB,entertainment,hollywood,Fans react to latest hollywood news on social media,Users from GB are actively discussing hollywood within the broader category of entertainment across multiple platforms.,negative,4738,0.289
trend_00193,2026-02-23,social_media_stream,hi,PK,global_events,elections,Global attention shifts towards elections developments,Users from PK are actively discussing elections within the broader category of global events across multiple platforms.,neutral,888,0.139
trend_00194,2026-02-28,social_media_stream,ur,IN,global_events,protests,Global attention shifts towards protests developments,Users from IN are actively discussing protests within the broader category of global events across multiple platforms.,neutral,3126,0.269
trend_00195,2026-02-04,social_media_stream,en,US,ai_and_tech,programming_jobs,Programming Jobs trend grows among developers in 2026,Users from US are actively discussing programming jobs within the broader category of ai and tech across multiple platforms.,neutral,7072,0.632
trend_00196,2026-02-08,news_api,hi,IN,economy,stock_market,Stock Market remains a key concern for young professionals,Users from IN are actively discussing stock market within the broader category of economy across multiple platforms.,positive,7312,0.133
trend_00197,2026-02-03,social_media_stream,ur,PK,economy,jobs,Jobs remains a key concern for young professionals,Users from PK are actively discussing jobs within the broader category of economy across multiple platforms.,neutral,5421,0.703
trend_00198,2026-02-28,news_api,ur,US,ai_and_tech,gen_ai,Gen Ai trend grows among developers in 2026,Users from US are actively discussing gen ai within the broader category of ai and tech across multiple platforms.,negative,6480,0.287
trend_00199,2026-02-09,social_media_stream,en,IN,economy,stock_market,Stock Market remains a key concern for young professionals,Users from IN are actively discussing stock market within the broader category of economy across multiple platforms.,negative,9944,0.423
trend_00200,2026-02-13,news_api,en,US,ai_and_tech,agentic_ai,Agentic Ai trend grows among developers in 2026,Users from US are actively discussing agentic ai within the broader category of ai and tech across multiple platforms.,negative,2371,0.748
trend_00201,2026-02-20,news_api,ur,US,entertainment,kdrama,Fans react to latest kdrama news on social media,Users from US are actively discussing kdrama within the broader category of entertainment across multiple platforms.,negative,7502,0.62
trend_00202,2026-02-28,google_trends,en,GB,ai_and_tech,programming_jobs,Programming Jobs trend grows among developers in 2026,Users from GB are actively discussing programming jobs within the broader category of ai and tech across multiple platforms.,negative,2681,0.87
trend_00203,2026-02-08,news_api,hi,US,entertainment,music_releases,Fans react to latest music releases news on social media,Users from US are actively discussing music releases within the broader category of entertainment across multiple platforms.,positive,6948,0.315
trend_00204,2026-02-09,google_trends,en,GB,economy,crypto,Crypto remains a key concern for young professionals,Users from GB are actively discussing crypto within the broader category of economy across multiple platforms.,neutral,1110,0.661
trend_00205,2026-02-03,google_trends,en,GB,ai_and_tech,programming_jobs,Programming Jobs trend grows among developers in 2026,Users from GB are actively discussing programming jobs within the broader category of ai and tech across multiple platforms.,positive,4703,0.431
trend_00206,2026-02-10,google_trends,en,US,ai_and_tech,agentic_ai,Agentic Ai trend grows among developers in 2026,Users from US are actively discussing agentic ai within the broader category of ai and tech across multiple platforms.,neutral,697,0.754
trend_00207,2026-02-02,social_media_stream,en,US,sports,cricket,Record engagement for recent cricket matches,Users from US are actively discussing cricket within the broader category of sports across multiple platforms.,neutral,4326,0.164
trend_00208,2026-02-06,social_media_stream,ur,US,global_events,elections,Global attention shifts towards elections developments,Users from US are actively discussing elections within the broader category of global events across multiple platforms.,positive,1537,0.677
trend_00209,2026-02-25,google_trends,ur,GB,global_events,conflicts,Global attention shifts towards conflicts developments,Users from GB are actively discussing conflicts within the broader category of global events across multiple platforms.,neutral,303,0.719
trend_00210,2026-02-16,news_api,en,US,entertainment,kdrama,Fans react to latest kdrama news on social media,Users from US are actively discussing kdrama within the broader category of entertainment across multiple platforms.,neutral,4496,0.768
